{"34": [0.4402245786718182, 0.7264860306663075, 1.402608871450453, 0.617104302348987], "36": [0.4347556261720237, 0.6606742457339638, 1.5377191244072363, 0.6681826731403145], "37": [0.43141807072637123, 0.8309103158804086, 1.2140288282133769, 0.5230226862937415], "38": [0.3368144072892681, 0.691969735281808, 1.4724903543119987, 0.4929794883114637], "41": [0.48815282606261023, 0.593637193952288, 1.7050906581624221, 0.8329748546406547], "42": [0.4130962204936003, 0.5858624106959293, 1.7165966818016027, 0.7077609719418256], "43": [0.39494999379616663, 0.6037635803222656, 1.6656348062952615, 0.6590092541866036], "44": [0.3826888272641418, 0.7616858588324653, 1.3244050044544486, 0.5079030794681104], "46": [0.48880987689779665, 0.582529920212766, 1.7409916494929756, 0.8509406023990767], "47": [0.5197378366628017, 0.5887839577414773, 1.7150919037162902, 0.8935407916629572], "50": [0.4048705587354742, 0.6191922481929031, 1.630650187158315, 0.6601536844462177], "54": [0.3704691458486451, 0.6652530209048764, 1.5331812019942157, 0.5637690267478107], "55": [0.41573016239693483, 0.6283895803052325, 1.6101624110717614, 0.6661096156763917], "57": [0.4843551893634411, 0.662178941952285, 1.5344946895393732, 0.7420628883122332], "60": [0.4808193367562082, 0.5743668055770421, 1.7561743726410477, 0.846494061487014], "62": [0.4078653474626042, 0.6684158680050872, 1.5122761922649244, 0.6144672518681953], "64": [0.3571273066951214, 0.5651395723483337, 1.7942226908870285, 0.6383131023938293], "67": [0.3638034810560664, 0.6313816706339518, 1.610033508612463, 0.584927042249653], "68": [0.45481180600067767, 0.72466552734375, 1.4016887993203173, 0.63711154345216], "69": [0.4305438624446185, 0.7539716448102679, 1.360640662674255, 0.5839404368656227], "71": [0.4960625414985536, 0.5826098383689413, 1.7460774728174453, 0.8671356751582435], "72": [0.4777483246514249, 0.6507187676183956, 1.5658906105763366, 0.7473847148320792], "74": [0.418838701674709, 0.6181569982458044, 1.649352499679656, 0.685714948337336], "75": [0.5129710550822876, 0.5864514802631579, 1.715582454881197, 0.8808901181880345], "79": [0.4498015676631995, 0.6742525967684659, 1.4994891864725497, 0.6753167609530353], "81": [0.38433192076201717, 0.7175521850585938, 1.4222614145237498, 0.5487444472171532], "88": [0.44420657888900533, 0.696283584984959, 1.4604328189022213, 0.6451319442348143], "90": [0.3954438370993738, 0.6277063706341912, 1.6202916691380451, 0.6393324074306547], "91": [0.462618433420753, 0.7038197618849734, 1.4376807004517675, 0.6644873413714437], "93": [0.3383440103254102, 0.5580995141006098, 1.8429414840822045, 0.6192035337159918], "101": [0.40531451632893056, 0.6255626493287318, 1.616548041402285, 0.6531134195304308], "102": [0.4786961499325959, 0.5941359970595811, 1.705169053085706, 0.8132326313014766], "103": [0.3459914654106864, 0.8131843566894531, 1.2718192800343846, 0.44063190758205906], "104": [0.39205878623240903, 0.7034040810405344, 1.460161761627657, 0.5625680610698048], "106": [0.34485948115396603, 0.6584671375363372, 1.5546903110472032, 0.5369677442501244], "108": [0.4459645397180975, 0.652961575255102, 1.55628525683128, 0.6904548843096161], "111": [0.4898755202365881, 0.6025513928345959, 1.6953643979198143, 0.8255478704142526], "112": [0.4367432076196982, 0.6570063572303921, 1.5437102896095747, 0.6737129046982122], "113": [0.5160670104179269, 0.6341279347737631, 1.5986889021714032, 0.8234735180010503], "114": [0.4363163702029098, 0.6337769210998042, 1.6093354367622537, 0.7079391075308695], "115": [0.5554773404520411, 0.6596630096435547, 1.546686277186971, 0.8795801308040773], "118": [0.6333484240994487, 0.6063072898171165, 1.655803606049557, 1.046668364413864], "119": [0.4569988865653549, 0.7688427436642531, 1.3164124647675384, 0.5981670460949128], "120": [0.34543338312010674, 0.6709042812915559, 1.50626586471384, 0.5176292265452016], "122": [0.46622699931026734, 0.577780058889678, 1.7478560884196224, 0.81602656885024], "126": [0.4992911020626837, 0.7469402112458882, 1.3591143877693102, 0.6798474576469445], "127": [0.4847612983952109, 0.6719349947842684, 1.5022966790931465, 0.7277965019003164], "129": [0.46884431297036133, 0.6429685935033613, 1.5738990187819262, 0.7445588105918032], "132": [NaN, 0.5658415841584158, 1.7763132168480211, NaN], "133": [NaN, 0.576116504854369, 1.7582692908794275, NaN], "137": [NaN, 0.49711538461538457, 2.075983290181475, NaN], "141": [NaN, 0.7127659574468085, 1.4423404491153382, NaN], "143": [0.5085941966861538, 1.24609375, 0.838640504600989, 0.42376690761903857], "144": [NaN, 0.9742857142857143, 1.0566081016500948, NaN], "146": [NaN, 0.8361904761904762, 1.2429649971064034, NaN], "147": [NaN, 0.9708870967741935, 1.04542648048054, NaN], "148": [NaN, 0.862857142857143, 1.1902340048890068, NaN], "149": [NaN, 0.6871929824561404, 1.491236910775496, NaN], "151": [0.27556024212269814, 0.43173030931122447, 2.396961072269627, 0.6573228839607063], "152": [NaN, 0.577204301075269, 1.7342448594757403, NaN], "153": [NaN, 0.5502631578947369, 1.8254563305591276, NaN], "157": [NaN, 0.7748412698412696, 1.3227768086327456, NaN], "158": [NaN, 0.6687878787878788, 1.5461935174127783, NaN], "159": [NaN, 0.6250520833333334, 1.6431496429628876, NaN], "160": [NaN, 0.6234905660377359, 1.6354142460246175, NaN], "161": [NaN, 0.6498979591836735, 1.561636987313828, NaN], "162": [NaN, 0.8253174603174604, 1.242970240640841, NaN], "163": [0.36090038170604827, 1.982717803030303, 0.5171126459295855, 0.18488387157245334], "164": [NaN, 0.9655000000000001, 1.056122129707677, NaN], "165": [NaN, 0.641933962264151, 1.5855781781048897, NaN], "166": [NaN, 0.7216463414634147, 1.4280264999627508, NaN], "168": [NaN, 0.9672916666666665, 1.0769420826078815, NaN], "169": [NaN, 1.249375, 0.8302232927830038, NaN], "171": [NaN, 0.5372477064220184, 1.892595951488581, NaN], "172": [NaN, 0.6702307692307692, 1.5314907982728707, NaN], "174": [NaN, 0.732, 1.405898382934624, NaN], "177": [NaN, 0.6586363636363637, 1.5297512791538053, NaN], "178": [NaN, 0.6226881720430107, 1.6346405257316392, NaN], "179": [NaN, 0.6478947368421054, 1.6012674140544931, NaN], "180": [NaN, 0.6987765957446808, 1.468911747838514, NaN], "181": [NaN, 0.6602083333333334, 1.5428306361954842, NaN], "183": [NaN, 0.6764835164835166, 1.5094886964669154, NaN], "184": [0.36216276730744074, 1.4530986064189189, 0.7105054708139287, 0.2567931432816258], "185": [NaN, NaN, NaN, NaN], "188": [0.2763775638841925, 0.5206372364457831, 1.96102598868692, 0.5400228383233655], "189": [0.3726402716619269, 0.6736158288043478, 1.519107104901519, 0.5663545470000504], "192": [0.3984896952818689, 0.7058963260135135, 1.4433775459666345, 0.5738254957260893], "193": [NaN, 0.47926605504587144, 2.1223129740825, NaN], "194": [NaN, 0.6493373493975905, 1.5656126425335308, NaN], "195": [NaN, 0.5091525423728812, 1.985751447330063, NaN], "196": [NaN, 0.8270481927710843, 1.2440998075817553, NaN], "197": [NaN, 0.8126470588235294, 1.253722616349218, NaN], "198": [NaN, 0.7084666666666667, 1.4561088089030378, NaN], "199": [NaN, 0.627962962962963, 1.607435074342244, NaN], "200": [NaN, 0.6866666666666666, 1.501951479693855, NaN], "201": [NaN, 0.7114880952380953, 1.4193225262561862, NaN], "203": [0.3488850046449095, 0.5873142589222301, 1.7302520690220982, 0.6027328623633843], "204": [0.3363560937568237, 0.6504714068244485, 1.5749944130419797, 0.528679610991811], "206": [0.44685474029909744, 0.5412109375, 1.8603539898444892, 0.8301627098269616], "208": [0.26884371729381634, 0.6519344554227942, 1.5638830547844658, 0.42023637943253866], "210": [0.3447471751000989, 1.3219375610351562, 0.7891534296461331, 0.2697203987782777], "214": [0.4142415477779658, 0.621795654296875, 1.6228321149163383, 0.672679978543719], "215": [0.3878900858097959, 1.119232177734375, 0.9174082900083288, 0.35553944319654446], "216": [0.3999471257957726, 0.6954293502004523, 1.4535393909412346, 0.5806706190675732], "217": [0.5712734834345505, 0.6570551255170036, 1.550732481262349, 0.8784924482308671],