{"1": [1.1027733573028176, 0.2753573507856532], "2": [0.9163825564074424, 0.08420176569055873]}