{"1": [0.2524109048868488], "2": [0.1062469286331474]}