{"R": [0.0033779410471008243], "S": [0.003122973283379206]}