{"R": [0.0033779410471008243], "S": [0.003122973283379206], "S_SinGiros": [0.003054349637838324], "R_SinGiros": [0.003385819762613449], "Prueba_RSinGiros": [0.003386187712531349]}