{"1": [0.2524109048868488], "2": [0.1062469286331474], "20": [0.00292961150578715], "21": [-0.001783343373850065]}