{"R": [1.1355833091895833], "S": [1.1064624122433824], "S_SinGiros": [1.1012351742124973], "R_SinGiros": [1.1305064537557143]}