{"1": [0.0031959398244950725], "2": [0.0034562518830435433], "10": [0.0033856525661058534]}