{"R": [1.1355833091895833], "S": [1.1064624122433824]}