{"1": [1.10386245861877], "2": [1.133496858486113]}