{"1": [1.1027733573028176], "2": [0.9327852354103644]}