{"1": [1.1027733573028176], "2": [0.9327852354103644], "20": [1.10386245861877], "21": [0.8636238021837174]}