{"34": [15081.755145412215, 1186123.3226183422, 137851.6955782313, 925423.8718023425, 16566705.70386341, 6684672.252432842], "36": [22985.138484729585, 1131540.5462522279, 68588.29776077098, 1999606.0896218168, 20479926.841792434, 4886300.992016782], "37": [5379.8909555948685, 1172888.6204122992, 152299.79492630385, 351465.67426140665, 11266787.810267467, 2486059.744070858], "38": [13134.220317674735, 1274327.9807801237, 27470.335034013602, 1555540.4610453937, 6621207.123594196, 1287486.268632364], "41": [21810.385889759225, 1304037.23829304, 72064.46187641722, 2007516.5428588078, 37606189.5311462, 7193378.360002331], "42": [15094.566741361918, 1217324.574278602, 128577.63109410429, 2070959.6254297534, 21046367.5948954, 4206694.498921974], "43": [15324.085277059648, 1335607.6051005567, 19179.97222222222, 2711048.5335353417, 29425569.126041606, 3993308.190897966], "44": [18797.865265469125, 1358098.6565960986, 15429.208616780043, 2473987.8783287685, 14534909.4805664, 3898796.2456733286], "46": [14062.685981622404, 1127136.0331551954, 22738.51615646258, 1126853.4943185127, 22244728.950061187, 2713661.4975817255], "47": [15616.329772262856, 689339.9613965169, 356918.9811507936, 3360901.1255754326, 15031108.50579803, 10108659.61447468], "50": [24191.09830272146, 1277147.964990505, 119473.41184807254, 2440095.3233494554, 31431928.77641163, 10077247.362974184], "54": [50698.37592737807, 1318453.9591083871, 80863.72137188207, 5302055.726589359, 25624584.646582365, 5827092.354990967], "55": [14624.172873040467, 1339809.9763974925, 48906.02210884353, 1989105.5940795993, 21210717.292698562, 4397800.333080823], "57": [35575.22056279267, 1375243.5384507743, 37623.850907029475, 3179072.1128139384, 50121067.85082454, 5199338.468387622], "60": [40084.247522334066, 1356991.769269679, 38582.39469954648, 4377868.205582425, 53317867.317988455, 4730054.257677291], "62": [15996.418254447915, 1250610.2261130526, 109827.69685374148, 2801067.3688013516, 21811947.232445657, 7754697.0442281915], "64": [31582.608121316618, 1183790.343697724, 160538.93537414965, 3342638.4788465723, 13254416.00681661, 4689317.874691613], "67": [17614.38608375549, 1357717.3707698444, 9693.945719954649, 1941566.1664273671, 17940093.448635414, 1937950.903595074], "68": [11156.63672642654, 1283775.9635684215, 45938.5544217687, 1606293.8576397225, 16858907.77691147, 2414036.43973481], "69": [18924.446982864898, 1186902.6590778406, 162962.54322562355, 910124.9748882898, 6965572.322807253, 2137520.5759470416], "71": [25384.460086941137, 1396905.9016462613, 13529.179138321993, 2535907.3203450562, 34402043.44485882, 4227740.701265216], "72": [43191.44662022896, 1336976.6867364764, 55848.08234126984, 2426713.8647164674, 33213363.2915597, 3967308.217307318], "74": [16664.39904566307, 1366996.4011536336, 13621.457766439908, 2909822.0718004704, 23370885.90661019, 1997300.1388593186], "75": [29822.22093824386, 1372926.8158252882, 31918.037840136054, 3957545.409176346, 55245109.48758964, 9278494.946837183], "79": [9887.978138924109, 1157839.6968988047, 181898.97151360544, 2827878.6840630774, 13844091.80784797, 4117347.857613708], "81": [6532.264682300241, 1237285.4181797728, 89828.01729024942, 903022.103539167, 7494902.2066049855, 1553856.4110608266], "88": [17450.948165811908, 1132335.6655697236, 170644.6842403628, 1259469.5973952368, 18219542.53566704, 4113259.8388380855], "90": [13041.044011591177, 1171520.4911906556, 156233.2222222222, 1543798.4837353593, 12773053.061651565, 2974161.5119234025], "91": [17170.395208071935, 1357211.0509348633, 22163.469387755096, 3236344.116668311