{"114": [28838.969207718932, 1241796.4570519147, 130995.57043650793, 18815392.71969228, 42594205.29670428, 7820430.04351954], "299": [31075.683744343707, 1383658.3923152192, 91511.89959130807, 5603466.04965214, 28008980.62441814, 5383989.627741391]}